{ "helplocation" : "physmod\/smlink",
    "locale" : "en",
    "helptargets" : 
    { "inventor_mates_supported" : 
      [ 
        { "path" : "ref\/supported-autodesk-inventor-constraints-and-their-corresponding-joints.html" } ],
      "inventor_ref" : 
      [ 
        { "path" : "ref\/register-simmechanics-link-with-solidworks.html" } ],
      "invjoints" : 
      [ 
        { "path" : "ug\/joints.html" } ],
      "invjoints-1" : 
      [ 
        { "path" : "ug\/joints.html#d122e4462" } ],
      "invjoints-2" : 
      [ 
        { "path" : "ug\/joints.html#d122e4468" } ],
      "invrobot" : 
      [ 
        { "path" : "ug\/robot-arm.html" } ],
      "invrobot-1" : 
      [ 
        { "path" : "ug\/robot-arm.html#d122e4551" } ],
      "invrobot-2" : 
      [ 
        { "path" : "ug\/robot-arm.html#d122e4557" } ],
      "proe_ref" : 
      [ 
        { "path" : "ref\/linking-and-unlinking-simmechanics-link-software-with-proengineer.html" } ],
      "proejoints" : 
      [ 
        { "path" : "ug\/joints-1.html" } ],
      "proejoints-1" : 
      [ 
        { "path" : "ug\/joints-1.html#d122e4594" } ],
      "proejoints-2" : 
      [ 
        { "path" : "ug\/joints-1.html#d122e4600" } ],
      "proerobot" : 
      [ 
        { "path" : "ug\/robot-arm-1.html" } ],
      "proerobot-1" : 
      [ 
        { "path" : "ug\/robot-arm-1.html#d122e4708" } ],
      "proerobot-2" : 
      [ 
        { "path" : "ug\/robot-arm-1.html#d122e4714" } ],
      "proestewart" : 
      [ 
        { "path" : "ug\/stewart-platform.html" } ],
      "proestewart-1" : 
      [ 
        { "path" : "ug\/stewart-platform.html#d122e4757" } ],
      "proestewart-2" : 
      [ 
        { "path" : "ug\/stewart-platform.html#d122e4763" } ],
      "smlink_doccenter-examplelandingpage" : 
      [ 
        { "path" : "examples.html" } ],
      "smlink_install" : 
      [ 
        { "path" : "ug\/installing-and-linking-simmechanics-link-software.html" } ],
      "sw_mates_supported" : 
      [ 
        { "path" : "ref\/mates-and-joints.html" } ],
      "sw_ref" : 
      [ 
        { "path" : "ref\/linking-and-unlinking-simmechanics-link-software-with-solidworks.html" } ],
      "swgears" : 
      [ 
        { "path" : "ug\/user-added-coordinate-systems.html" } ],
      "swgears-1" : 
      [ 
        { "path" : "ug\/user-added-coordinate-systems.html#d122e4983" } ],
      "swgears-2" : 
      [ 
        { "path" : "ug\/user-added-coordinate-systems.html#d122e4989" } ],
      "swjoints" : 
      [ 
        { "path" : "ug\/joints-2.html" } ],
      "swjoints-1" : 
      [ 
        { "path" : "ug\/joints-2.html#d122e4804" } ],
      "swjoints-2" : 
      [ 
        { "path" : "ug\/joints-2.html#d122e4810" } ],
      "swrobot" : 
      [ 
        { "path" : "ug\/robot-arm-2.html" } ],
      "swrobot-1" : 
      [ 
        { "path" : "ug\/robot-arm-2.html#d122e4893" } ],
      "swrobot-2" : 
      [ 
        { "path" : "ug\/robot-arm-2.html#d122e4899" } ],
      "swstewart" : 
      [ 
        { "path" : "ug\/stewart-platform-1.html" } ],
      "swstewart-1" : 
      [ 
        { "path" : "ug\/stewart-platform-1.html#d122e4938" } ],
      "swstewart-2" : 
      [ 
        { "path" : "ug\/stewart-platform-1.html#d122e4944" } ] } }