<?xml version="1.0" encoding="utf-8"?><data xmlns="https://www.mathworks.com/help/ref/data" count="9"><cat target="index.html"><title>Simscape Multibody Link</title><cat target="getting-started-with-simmechanics-link.html"><title>Get Started with Simscape Multibody Link</title></cat>
<cat target="cad-link.html"><title>Autodesk Inventor</title><ref target="ug/joints.html" name="Joints" open_cmd="" ex_type="Example" family="Simulink" img="../../includes/product/images/doc_center/DefaultImage.png" alt="Joints"><sum>These CAD assemblies can be opened in Autodesk® Inventor® 2009 and higher.</sum></ref><ref target="ug/robot-arm.html" name="Robot Arm" open_cmd="" ex_type="Example" family="Simulink" img="../../examples/smlink_product/win64/robot_inv.jpg" alt="Robot Arm"><sum>This CAD assembly can be opened in Autodesk® Inventor® 2009 and higher.</sum></ref></cat>
<cat target="creo-proengineer.html"><title>PTC Creo</title><ref target="ug/joints-1.html" name="Joints" open_cmd="" ex_type="Example" family="Simulink" img="../../includes/product/images/doc_center/DefaultImage.png" alt="Joints"><sum>These CAD assemblies can be opened in Pro/ENGINEER® Wildfire 2.0 and higher.</sum></ref><ref target="ug/robot-arm-1.html" name="Robot Arm" open_cmd="" ex_type="Example" family="Simulink" img="../../examples/smlink_product/win64/robot_proe.jpg" alt="Robot Arm"><sum>This CAD assembly can be opened in Pro/ENGINEER® Wildfire 2.0 and higher.</sum></ref><ref target="ug/stewart-platform.html" name="Stewart Platform" open_cmd="" ex_type="Example" family="Simulink" img="../../examples/smlink_product/win64/stewart_platform_proe.jpg" alt="Stewart Platform"><sum>This CAD assembly can be opened in Pro/ENGINEER® Wildfire 2.0 and higher.</sum></ref></cat>
<cat target="solidworks.html"><title>SolidWorks</title><ref target="ug/joints-2.html" name="Joints" open_cmd="" ex_type="Example" family="Simulink" img="../../includes/product/images/doc_center/DefaultImage.png" alt="Joints"><sum>These CAD assemblies can be opened in SolidWorks® 2004 or higher.</sum></ref><ref target="ug/robot-arm-2.html" name="Robot Arm" open_cmd="" ex_type="Example" family="Simulink" img="../../examples/smlink_product/win64/robot_sw.jpg" alt="Robot Arm"><sum>This CAD assembly can be opened in SolidWorks® 2004 and higher.</sum></ref><ref target="ug/stewart-platform-1.html" name="Stewart Platform" open_cmd="" ex_type="Example" family="Simulink" img="../../examples/smlink_product/win64/stewart_platform_sw.jpg" alt="Stewart Platform"><sum>This CAD assembly can be opened in SolidWorks® 2007 and higher.</sum></ref><ref target="ug/user-added-coordinate-systems.html" name="User-Added Coordinate Systems" open_cmd="" ex_type="Example" family="Simulink" img="../../examples/smlink_product/win64/gears_sw.jpg" alt="User-Added Coordinate Systems"><sum>This CAD assembly can be opened in SolidWorks® 2007 and later versions.</sum></ref></cat>
</cat></data>