<?xml version="1.0" encoding="utf-8"?><data xmlns="https://www.mathworks.com/help/ref/data" count="4"><cat target="index.html"><title>Simscape Multibody Link</title><cat target="getting-started-with-simmechanics-link.html"><title>Get Started with Simscape Multibody Link</title></cat>
<cat target="cad-link.html"><title>Autodesk Inventor</title><ref target="ref/smlink_linkinv.html" name="smlink_linkinv" init="S"><purpose>Add <span xmlns="http://www.w3.org/1999/xhtml" class="entity"><span class="trademark">Simscape</span>
            <span class="trademark">Multibody</span> Link</span> to your Windows registry as an <span xmlns="http://www.w3.org/1999/xhtml" class="trademark entity">Autodesk Inventor</span> plugin</purpose></ref><ref target="ref/smlink_unlinkinv.html" name="smlink_unlinkinv" init="S"><purpose>Remove <span xmlns="http://www.w3.org/1999/xhtml" class="entity"><span class="trademark">Simscape</span>
            <span class="trademark">Multibody</span> Link</span> from your Windows registry as an <span xmlns="http://www.w3.org/1999/xhtml" class="trademark entity">Autodesk Inventor</span> plugin</purpose></ref></cat>
<cat target="creo-proengineer.html"><title>PTC Creo</title></cat>
<cat target="solidworks.html"><title>SolidWorks</title><ref target="ref/smlink_linksw.html" name="smlink_linksw" init="S"><purpose>Add <span xmlns="http://www.w3.org/1999/xhtml" class="entity"><span class="trademark">Simscape</span>
            <span class="trademark">Multibody</span> Link</span> to your Windows registry as a <span xmlns="http://www.w3.org/1999/xhtml" class="trademark entity">SolidWorks</span> plugin</purpose></ref><ref target="ref/smlink_unlinksw.html" name="smlink_unlinksw" init="S"><purpose>Remove <span xmlns="http://www.w3.org/1999/xhtml" class="entity"><span class="trademark">Simscape</span>
            <span class="trademark">Multibody</span> Link</span> from your Windows registry as a <span xmlns="http://www.w3.org/1999/xhtml" class="trademark entity">SolidWorks</span> plugin</purpose></ref></cat>
</cat></data>